{"cameraMode":{"drawMode":0,"name":"Shaded","section":"Shading Mode"},"sceneLighting":true,"audioPlay":false,"sceneViewState":{"m_AlwaysRefresh":false,"showFog":true,"showSkybox":true,"showFlares":true,"showImageEffects":true,"showParticleSystems":true,"showVisualEffectGraphs":true,"m_FxEnabled":true},"in2DMode":false,"pivot":{"x":11.673799514770508,"y":2.1934263706207277,"z":-2.094503879547119},"rotation":{"x":-0.12811610102653504,"y":0.09061296284198761,"z":-0.011754220351576805,"w":-0.9875530004501343},"size":1.2429747581481934,"orthographic":false}