{"cameraMode":{"drawMode":0,"name":"Shaded","section":"Shading Mode"},"sceneLighting":true,"audioPlay":false,"sceneViewState":{"m_AlwaysRefresh":false,"showFog":true,"showSkybox":true,"showFlares":true,"showImageEffects":true,"showParticleSystems":true,"showVisualEffectGraphs":true,"m_FxEnabled":true},"in2DMode":false,"pivot":{"x":864.0947875976563,"y":491.72369384765627,"z":21.365379333496095},"rotation":{"x":0.009298841468989849,"y":0.014649893157184124,"z":-0.00015926720516290516,"w":0.9998854398727417},"size":352.4392395019531,"orthographic":false}