{"cameraMode":{"drawMode":0,"name":"Shaded","section":"Shading Mode"},"sceneLighting":true,"audioPlay":false,"sceneViewState":{"m_AlwaysRefresh":false,"showFog":true,"showSkybox":true,"showFlares":true,"showImageEffects":true,"showParticleSystems":true,"showVisualEffectGraphs":true,"m_FxEnabled":true},"in2DMode":false,"pivot":{"x":1200.9798583984375,"y":479.75274658203127,"z":-142.24945068359376},"rotation":{"x":-0.14023126661777497,"y":0.020606892183423044,"z":-0.0024102802854031326,"w":-0.9900249242782593},"size":438.5959777832031,"orthographic":false}