{"cameraMode":{"drawMode":0,"name":"Shaded","section":"Shading Mode"},"sceneLighting":true,"audioPlay":false,"sceneViewState":{"m_AlwaysRefresh":false,"showFog":true,"showSkybox":true,"showFlares":true,"showImageEffects":true,"showParticleSystems":true,"showVisualEffectGraphs":true,"m_FxEnabled":true},"in2DMode":false,"pivot":{"x":15.189155578613282,"y":0.950904130935669,"z":8.868667602539063},"rotation":{"x":-0.22856831550598145,"y":-0.029222950339317323,"z":0.006911054253578186,"w":-0.9731237292289734},"size":10.880504608154297,"orthographic":false}