{"cameraMode":{"drawMode":0,"name":"Shaded","section":"Shading Mode"},"sceneLighting":true,"audioPlay":false,"sceneViewState":{"m_AlwaysRefresh":false,"showFog":true,"showSkybox":true,"showFlares":true,"showImageEffects":true,"showParticleSystems":true,"showVisualEffectGraphs":true,"m_FxEnabled":true},"in2DMode":false,"pivot":{"x":-4.792252063751221,"y":0.6681267619132996,"z":5.77984619140625},"rotation":{"x":0.0038932289462536575,"y":-0.08804305642843247,"z":-0.00026119680842384696,"w":-0.9962078928947449},"size":10.009418487548829,"orthographic":false}