{"cameraMode":{"drawMode":0,"name":"Shaded","section":"Shading Mode"},"sceneLighting":true,"audioPlay":false,"sceneViewState":{"m_AlwaysRefresh":false,"showFog":true,"showSkybox":true,"showFlares":true,"showImageEffects":true,"showParticleSystems":true,"showVisualEffectGraphs":true,"m_FxEnabled":true},"in2DMode":false,"pivot":{"x":11.991530418395996,"y":12.599091529846192,"z":-5.160646438598633},"rotation":{"x":-0.40055811405181887,"y":-0.018153563141822816,"z":0.00792196486145258,"w":-0.9160888195037842},"size":6.327075481414795,"orthographic":false}