{"cameraMode":{"drawMode":0,"name":"Shaded","section":"Shading Mode"},"sceneLighting":true,"audioPlay":false,"sceneViewState":{"m_AlwaysRefresh":false,"showFog":true,"showSkybox":true,"showFlares":true,"showImageEffects":true,"showParticleSystems":true,"showVisualEffectGraphs":true,"m_FxEnabled":true},"in2DMode":false,"pivot":{"x":61.400299072265628,"y":-6.628204345703125,"z":53.023284912109378},"rotation":{"x":-0.44678184390068056,"y":-0.012374218553304673,"z":0.006155536975711584,"w":-0.894565761089325},"size":91.11933135986328,"orthographic":false}