{"cameraMode":{"drawMode":0,"name":"Shaded","section":"Shading Mode"},"sceneLighting":true,"audioPlay":false,"sceneViewState":{"m_AlwaysRefresh":false,"showFog":true,"showSkybox":true,"showFlares":true,"showImageEffects":true,"showParticleSystems":true,"showVisualEffectGraphs":true,"m_FxEnabled":true},"in2DMode":false,"pivot":{"x":-3.5334625244140627,"y":1.9379204511642457,"z":-1.448601245880127},"rotation":{"x":-0.46006396412849429,"y":0.021010365337133409,"z":-0.01091795228421688,"w":-0.8876004815101624},"size":3.981602191925049,"orthographic":false}