{"cameraMode":{"drawMode":0,"name":"Shaded","section":"Shading Mode"},"sceneLighting":true,"audioPlay":false,"sceneViewState":{"m_AlwaysRefresh":false,"showFog":true,"showSkybox":true,"showFlares":true,"showImageEffects":true,"showParticleSystems":true,"showVisualEffectGraphs":true,"m_FxEnabled":true},"in2DMode":false,"pivot":{"x":6.276388168334961,"y":-0.6743383407592773,"z":-3.8455610275268556},"rotation":{"x":-0.6088322997093201,"y":0.09079752117395401,"z":-0.07045736908912659,"w":-0.7849641442298889},"size":13.808991432189942,"orthographic":false}