{"cameraMode":{"drawMode":0,"name":"Shaded","section":"Shading Mode"},"sceneLighting":true,"audioPlay":false,"sceneViewState":{"m_AlwaysRefresh":false,"showFog":true,"showSkybox":true,"showFlares":true,"showImageEffects":true,"showParticleSystems":true,"showVisualEffectGraphs":true,"m_FxEnabled":true},"in2DMode":false,"pivot":{"x":12.87281608581543,"y":1.3029828071594239,"z":-2.1696228981018068},"rotation":{"x":0.2992420196533203,"y":0.0014307581586763263,"z":-0.00045045887236483395,"w":0.9541805982589722},"size":5.933901786804199,"orthographic":false}