{"cameraMode":{"drawMode":0,"name":"Shaded","section":"Shading Mode"},"sceneLighting":true,"audioPlay":false,"sceneViewState":{"m_AlwaysRefresh":false,"showFog":true,"showSkybox":true,"showFlares":true,"showImageEffects":true,"showParticleSystems":true,"showVisualEffectGraphs":true,"m_FxEnabled":true},"in2DMode":false,"pivot":{"x":1803.3812255859375,"y":993.884033203125,"z":-46.976959228515628},"rotation":{"x":0.003898648312315345,"y":0.022850796580314637,"z":0.000150726453284733,"w":-0.9998242855072022},"size":179.78134155273438,"orthographic":false}