{"cameraMode":{"drawMode":0,"name":"Shaded","section":"Shading Mode"},"sceneLighting":true,"audioPlay":false,"sceneViewState":{"m_AlwaysRefresh":false,"showFog":true,"showSkybox":true,"showFlares":true,"showImageEffects":true,"showParticleSystems":true,"showVisualEffectGraphs":true,"m_FxEnabled":true},"in2DMode":false,"pivot":{"x":534.6978759765625,"y":177.57650756835938,"z":288.51593017578127},"rotation":{"x":-0.16395698487758637,"y":0.10556307435035706,"z":-0.01718505099415779,"w":-0.9807345271110535},"size":351.3626708984375,"orthographic":false}