{"cameraMode":{"drawMode":0,"name":"Shaded","section":"Shading Mode"},"sceneLighting":true,"audioPlay":false,"sceneViewState":{"m_AlwaysRefresh":false,"showFog":true,"showSkybox":true,"showFlares":true,"showImageEffects":true,"showParticleSystems":true,"showVisualEffectGraphs":true,"m_FxEnabled":true},"in2DMode":false,"pivot":{"x":2.5236637592315676,"y":3.2884514331817629,"z":-5.497554302215576},"rotation":{"x":0.20655639469623567,"y":-0.36844226717948916,"z":0.08432724326848984,"w":0.9024839997291565},"size":6.276112079620361,"orthographic":false}