{"cameraMode":{"drawMode":0,"name":"Shaded","section":"Shading Mode"},"sceneLighting":true,"audioPlay":false,"sceneViewState":{"m_AlwaysRefresh":false,"showFog":true,"showSkybox":true,"showFlares":true,"showImageEffects":true,"showParticleSystems":true,"showVisualEffectGraphs":true,"m_FxEnabled":true},"in2DMode":false,"pivot":{"x":8.972980499267579,"y":-1.3986644744873047,"z":-1.7794160842895508},"rotation":{"x":-0.5208404660224915,"y":-0.027164921164512636,"z":0.017118746414780618,"w":-0.8531641364097595},"size":10.995271682739258,"orthographic":false}