{"cameraMode":{"drawMode":0,"name":"Shaded","section":"Shading Mode"},"sceneLighting":true,"audioPlay":false,"sceneViewState":{"m_AlwaysRefresh":false,"showFog":true,"showSkybox":true,"showFlares":true,"showImageEffects":true,"showParticleSystems":true,"showVisualEffectGraphs":true,"m_FxEnabled":true},"in2DMode":false,"pivot":{"x":-0.16022427380084992,"y":-25.309579849243165,"z":-1.0309910774230958},"rotation":{"x":-0.0013361267047002912,"y":0.982227623462677,"z":-0.006463690660893917,"w":-0.1881483644247055},"size":3.1993985176086427,"orthographic":false}